"Against","Team","IDGAME","Phase","Player","MIN","PTS","F2M","F2A","F2GP","F3M","F3A","F3GP","FTM","FTA","FTP","OR","DR","TR","AS","ST","TO","BLK","BLKR","PF","RF","PIR","HA","results","Team_PTS","Team_F2A","Team_F3A","Team_FTA","Team_F2M","Team_F3M","Team_FTM","Team_AS","Team_OR","Team_DR","Team_TR","Team_ST","Team_TO","Team_BLK","Team_PF","Team_PIR","Team_opp_PTS","Team_opp_F2A","Team_opp_F3A","Team_opp_FTA","Team_opp_F2M","Team_opp_F3M","Team_opp_FTM","Team_opp_AS","Team_opp_OR","Team_opp_DR","Team_opp_TR","Team_opp_ST","Team_opp_TO","Team_opp_BLK","Team_opp_PF","Team_opp_PIR","Points_per_shoot","Possesions","Offensive_rating","PIE","Assists_Ratio","As_To_ratio","EFG","FT_ratio","Game_score","True_shooting","Turnover_ratio","Usage","OR_percent","Season"
"BER","PAN","1_1","Regular Season","Lorenzo  Brown",20,5,2,3,66.7,0,2,0,1,1,100,0,2,2,5,0,1,0,0,2,2,8,"A","W",87,34,30,12,21,11,12,21,3,22,25,7,3,1,11,110,87,34,30,12,21,11,12,21,3,22,25,7,3,1,11,110,0.83,6.2,80.6,0.03,80.6,5,40,0.2,4.6,46,16.13,3.6,0,"2024-2025"
"BER","PAN","1_1","Regular Season","Kendrick  Nunn",32,16,4,9,44.4,1,5,20,5,5,100,0,3,3,4,1,0,0,1,2,3,15,"A","W",87,34,30,12,21,11,12,21,3,22,25,7,3,1,11,110,87,34,30,12,21,11,12,21,3,22,25,7,3,1,11,110,0.84,15.6,102.6,0.07,25.6,Inf,39.3,0.36,12.1,49.4,0,5.6,0,"2024-2025"
"BER","PAN","1_1","Regular Season","Mathias  Lessort",27,14,6,7,85.7,0,2,0,2,2,100,1,7,8,1,2,0,0,0,1,2,23,"A","W",87,34,30,12,21,11,12,21,3,22,25,7,3,1,11,110,87,34,30,12,21,11,12,21,3,22,25,7,3,1,11,110,1.27,8.5,164.7,0.11,11.8,Inf,66.7,0.22,15.2,70.9,0,4.1,16.7,"2024-2025"
"BER","PAN","1_1","Regular Season","Marius  Grigonis",17,3,0,1,0,1,4,25,0,0,NA,1,1,2,1,0,2,0,0,1,2,1,"A","W",87,34,30,12,21,11,12,21,3,22,25,7,3,1,11,110,87,34,30,12,21,11,12,21,3,22,25,7,3,1,11,110,0.6,5.8,51.7,-0.01,17.2,0.5,30,0,-0.8,30,34.48,4.6,16.7,"2024-2025"
"BER","PAN","1_1","Regular Season","Konstantinos  Mitoglou",15,5,0,0,NA,1,1,100,2,2,100,0,4,4,0,1,0,0,0,3,1,8,"A","W",87,34,30,12,21,11,12,21,3,22,25,7,3,1,11,110,87,34,30,12,21,11,12,21,3,22,25,7,3,1,11,110,1.67,1.8,277.8,0.04,0,NA,150,2,5.7,133,0,1.4,0,"2024-2025"
"BER","PAN","1_1","Regular Season","Panagiotis  Kalaitzakis",1,0,0,0,NA,0,0,NA,0,0,NA,0,0,0,0,0,0,0,0,0,0,0,"A","W",87,34,30,12,21,11,12,21,3,22,25,7,3,1,11,110,87,34,30,12,21,11,12,21,3,22,25,7,3,1,11,110,NA,0,NA,0,NA,NA,NA,NA,0,NA,NA,0,0,"2024-2025"
"BER","PAN","1_1","Regular Season","Kostas  Sloukas",16,10,1,3,33.3,2,5,40,2,2,100,0,0,0,5,0,0,0,0,0,5,15,"A","W",87,34,30,12,21,11,12,21,3,22,25,7,3,1,11,110,87,34,30,12,21,11,12,21,3,22,25,7,3,1,11,110,1,8.5,117.6,0.05,58.8,Inf,50,0.25,9.1,56.3,0,6.1,0,"2024-2025"
"BER","PAN","1_1","Regular Season","Cedi  Osman",15,5,1,1,100,1,3,33.3,0,0,NA,0,1,1,1,1,0,1,0,0,0,7,"A","W",87,34,30,12,21,11,12,21,3,22,25,7,3,1,11,110,87,34,30,12,21,11,12,21,3,22,25,7,3,1,11,110,1.25,3.8,131.6,0.03,26.3,Inf,62.5,0,5.7,62.5,0,3,0,"2024-2025"
"BER","PAN","1_1","Regular Season","Jerian  Grant",21,10,2,4,50,2,3,66.7,0,0,NA,0,1,1,2,1,0,0,0,1,1,11,"A","W",87,34,30,12,21,11,12,21,3,22,25,7,3,1,11,110,87,34,30,12,21,11,12,21,3,22,25,7,3,1,11,110,1.43,6.7,149.3,0.05,29.9,Inf,71.4,0,9,71.4,0,3.7,0,"2024-2025"
"BER","PAN","1_1","Regular Season","Juan  Hernangomez",21,11,1,2,50,3,5,60,0,0,NA,0,1,1,2,1,0,0,0,0,0,12,"A","W",87,34,30,12,21,11,12,21,3,22,25,7,3,1,11,110,87,34,30,12,21,11,12,21,3,22,25,7,3,1,11,110,1.57,6.7,164.2,0.06,29.9,Inf,78.6,0,10.4,78.6,0,3.7,0,"2024-2025"
"BER","PAN","1_1","Regular Season","Omer  Yurtseven",14,8,4,4,100,0,0,NA,0,0,NA,1,2,3,0,0,0,0,0,1,0,10,"A","W",87,34,30,12,21,11,12,21,3,22,25,7,3,1,11,110,87,34,30,12,21,11,12,21,3,22,25,7,3,1,11,110,2,2.9,275.9,0.05,0,NA,100,0,7.7,100,0,3.2,16.7,"2024-2025"
"PAN","BER","1_1","Regular Season","Jonas  Mattisseck",21,6,1,1,100,1,4,25,1,1,100,0,1,1,0,1,0,0,1,4,1,1,"H","L",77,35,31,10,21,9,8,19,12,27,39,2,11,1,16,83,77,35,31,10,21,9,8,19,12,27,39,2,11,1,16,83,1,5.2,115.4,0.01,0,NA,50,0.2,3,55.1,0,2.5,0,"2024-2025"
"PAN","BER","1_1","Regular Season","Martin  Hermannsson",27,12,3,4,75,1,2,50,3,4,75,0,2,2,9,0,3,0,0,2,3,18,"H","L",77,35,31,10,21,9,8,19,12,27,39,2,11,1,16,83,77,35,31,10,21,9,8,19,12,27,39,2,11,1,16,83,1.2,10.3,116.5,0.11,87.4,3,75,0.67,12.1,77.3,29.13,3.9,0,"2024-2025"
"PAN","BER","1_1","Regular Season","Louis  Olinde",25,6,2,3,66.7,0,7,0,2,3,66.7,1,3,4,1,0,0,0,0,1,2,3,"H","L",77,35,31,10,21,9,8,19,12,27,39,2,11,1,16,83,77,35,31,10,21,9,8,19,12,27,39,2,11,1,16,83,0.46,9.9,60.6,0,10.1,Inf,20,0.3,1.3,26.5,0,4.5,4.2,"2024-2025"
"PAN","BER","1_1","Regular Season","Khalifa  Koumadje",22,8,4,7,57.1,0,0,NA,0,0,NA,5,8,13,0,0,1,0,0,1,2,18,"H","L",77,35,31,10,21,9,8,19,12,27,39,2,11,1,16,83,77,35,31,10,21,9,8,19,12,27,39,2,11,1,16,83,1.14,2.9,275.9,0.1,0,0,57.1,0,9.2,57.1,34.48,3.6,20.8,"2024-2025"
"PAN","BER","1_1","Regular Season","Elias  Rapieque",11,2,1,1,100,0,3,0,0,0,NA,0,1,1,1,1,1,0,0,2,0,-1,"H","L",77,35,31,10,21,9,8,19,12,27,39,2,11,1,16,83,77,35,31,10,21,9,8,19,12,27,39,2,11,1,16,83,0.5,4.8,41.7,-0.01,20.8,1,25,0,-0.2,25,20.83,4.5,0,"2024-2025"
"PAN","BER","1_1","Regular Season","Matteo  Spagnolo",16,8,4,7,57.1,0,2,0,0,0,NA,0,1,1,2,0,1,0,0,2,1,4,"H","L",77,35,31,10,21,9,8,19,12,27,39,2,11,1,16,83,77,35,31,10,21,9,8,19,12,27,39,2,11,1,16,83,0.89,9.6,83.3,0.02,20.8,2,44.4,0,3.2,44.4,10.42,6.1,0,"2024-2025"
"PAN","BER","1_1","Regular Season","Yannick  Wetzell",19,6,2,6,33.3,0,0,NA,2,2,100,3,4,7,0,0,2,0,0,0,1,8,"H","L",77,35,31,10,21,9,8,19,12,27,39,2,11,1,16,83,77,35,31,10,21,9,8,19,12,27,39,2,11,1,16,83,0.75,5.6,107.1,0.04,0,0,33.3,0.33,3.9,43.6,35.71,4.6,12.5,"2024-2025"
"PAN","BER","1_1","Regular Season","William  McDowell-White",15,13,2,2,100,3,4,75,0,0,NA,0,1,1,1,0,1,0,0,1,0,12,"H","L",77,35,31,10,21,9,8,19,12,27,39,2,11,1,16,83,77,35,31,10,21,9,8,19,12,27,39,2,11,1,16,83,2.17,6.7,194,0.09,14.9,1,108.3,0,10.4,108.3,14.93,4.6,0,"2024-2025"
"PAN","BER","1_1","Regular Season","Justin  Bean",18,5,1,1,100,1,1,100,0,0,NA,1,4,5,1,0,0,0,0,0,1,12,"H","L",77,35,31,10,21,9,8,19,12,27,39,2,11,1,16,83,77,35,31,10,21,9,8,19,12,27,39,2,11,1,16,83,2.5,1,500,0.08,100,Inf,125,0,7,125,0,1.1,4.2,"2024-2025"
"PAN","BER","1_1","Regular Season","Trevion  Williams",24,11,1,3,33.3,3,8,37.5,0,0,NA,2,2,4,4,0,2,1,0,3,0,8,"H","L",77,35,31,10,21,9,8,19,12,27,39,2,11,1,16,83,77,35,31,10,21,9,8,19,12,27,39,2,11,1,16,83,1,10.6,103.8,0.05,37.7,2,50,0,7.2,50,18.87,5.3,8.3,"2024-2025"
"BAR","ZAL","1_2","Regular Season","Tyrone  Wallace",16,6,3,5,60,0,1,0,0,0,NA,0,2,2,2,1,2,0,0,1,3,8,"H","W",74,35,29,9,19,10,6,8,12,24,36,9,12,3,20,77,74,35,29,9,19,10,6,8,12,24,36,9,12,3,20,77,1,7.7,77.9,0.05,26,1,50,0,3.6,50,25.97,5,0,"2024-2025"
"BAR","ZAL","1_2","Regular Season","Ignas  Brazdeikis",26,17,7,11,63.6,1,5,20,0,0,NA,1,4,5,0,0,1,0,0,2,0,11,"H","W",74,35,29,9,19,10,6,8,12,24,36,9,12,3,20,77,74,35,29,9,19,10,6,8,12,24,36,9,12,3,20,77,1.06,15.4,110.4,0.1,0,0,53.1,0,9.1,53.1,6.49,6.5,4.2,"2024-2025"
"BAR","ZAL","1_2","Regular Season","Dovydas  Giedraitis",26,7,2,2,100,1,3,33.3,0,0,NA,0,2,2,1,1,1,0,0,2,1,7,"H","W",74,35,29,9,19,10,6,8,12,24,36,9,12,3,20,77,74,35,29,9,19,10,6,8,12,24,36,9,12,3,20,77,1.4,5.8,120.7,0.06,17.2,1,70,0,5.2,70,17.24,2.3,0,"2024-2025"
"BAR","ZAL","1_2","Regular Season","Laurynas  Birutis",19,3,1,2,50,0,0,NA,1,3,33.3,1,4,5,1,0,1,2,0,1,2,8,"H","W",74,35,29,9,19,10,6,8,12,24,36,9,12,3,20,77,74,35,29,9,19,10,6,8,12,24,36,9,12,3,20,77,0.6,3.2,93.8,0.04,31.2,1,50,1.5,3.8,45.2,31.25,2.3,4.2,"2024-2025"
"BAR","ZAL","1_2","Regular Season","Arnas  Butkevicius",25,6,0,1,0,2,4,50,0,0,NA,2,1,3,0,2,0,0,0,1,1,8,"H","W",74,35,29,9,19,10,6,8,12,24,36,9,12,3,20,77,74,35,29,9,19,10,6,8,12,24,36,9,12,3,20,77,1.2,2.9,206.9,0.06,0,NA,60,0,6.6,60,0,2,8.3,"2024-2025"
"BAR","ZAL","1_2","Regular Season","Sylvain  Francisco",18,19,2,4,50,4,6,66.7,3,4,75,2,2,4,3,1,1,0,0,2,3,22,"H","W",74,35,29,9,19,10,6,8,12,24,36,9,12,3,20,77,74,35,29,9,19,10,6,8,12,24,36,9,12,3,20,77,1.36,10.3,184.5,0.17,29.1,3,80,0.4,17.3,80.8,9.71,7.1,8.3,"2024-2025"
"BAR","ZAL","1_2","Regular Season","Lukas  Lekavicius",0,0,0,0,NA,0,0,NA,0,0,NA,0,0,0,0,0,0,0,0,0,0,0,"H","W",74,35,29,9,19,10,6,8,12,24,36,9,12,3,20,77,74,35,29,9,19,10,6,8,12,24,36,9,12,3,20,77,NA,0,NA,0,NA,NA,NA,NA,0,NA,NA,NA,0,"2024-2025"
"BAR","ZAL","1_2","Regular Season","Alen  Smailagic",4,0,0,0,NA,0,1,0,0,0,NA,0,2,2,0,1,0,0,0,2,0,0,"H","W",74,35,29,9,19,10,6,8,12,24,36,9,12,3,20,77,74,35,29,9,19,10,6,8,12,24,36,9,12,3,20,77,0,1,0,0,0,NA,0,0,0.1,0,0,2.5,0,"2024-2025"
"BAR","ZAL","1_2","Regular Season","Matt  Mitchell",22,6,3,7,42.9,0,5,0,0,0,NA,3,3,6,0,1,0,0,0,3,1,2,"H","W",74,35,29,9,19,10,6,8,12,24,36,9,12,3,20,77,74,35,29,9,19,10,6,8,12,24,36,9,12,3,20,77,0.5,8.6,69.8,0,0,NA,25,0,1.6,25,0,5.5,12.5,"2024-2025"
"BAR","ZAL","1_2","Regular Season","Bryant  Dunston",16,0,0,1,0,0,0,NA,0,0,NA,2,1,3,0,0,1,1,0,3,0,-1,"H","W",74,35,29,9,19,10,6,8,12,24,36,9,12,3,20,77,74,35,29,9,19,10,6,8,12,24,36,9,12,3,20,77,0,0,NA,-0.02,NA,0,0,0,-0.5,0,Inf,1.3,8.3,"2024-2025"
"BAR","ZAL","1_2","Regular Season","Deividas  Sirvydis",12,8,0,0,NA,2,3,66.7,2,2,100,0,1,1,0,0,3,0,0,2,1,4,"H","W",74,35,29,9,19,10,6,8,12,24,36,9,12,3,20,77,74,35,29,9,19,10,6,8,12,24,36,9,12,3,20,77,1.6,6.6,121.2,0.03,0,0,100,0.67,3.2,103.1,45.45,5.7,0,"2024-2025"
"BAR","ZAL","1_2","Regular Season","Edgaras  Ulanovas",15,2,1,2,50,0,1,0,0,0,NA,1,2,3,1,2,2,0,0,1,5,8,"H","W",74,35,29,9,19,10,6,8,12,24,36,9,12,3,20,77,74,35,29,9,19,10,6,8,12,24,36,9,12,3,20,77,0.67,3.8,52.6,0.02,26.3,0.5,33.3,0,1.9,33.3,52.63,3.3,4.2,"2024-2025"
"ZAL","BAR","1_2","Regular Season","Kevin  Punter",25,11,1,3,33.3,2,4,50,3,3,100,0,2,2,1,0,1,0,0,2,4,11,"A","L",67,37,20,19,19,5,14,19,8,20,28,7,9,0,17,74,67,37,20,19,19,5,14,19,8,20,28,7,9,0,17,74,1.1,8.9,123.6,0.07,11.2,1,57.1,0.43,6.8,66.1,11.24,4,0,"2024-2025"
"ZAL","BAR","1_2","Regular Season","Justin  Anderson",14,4,1,2,50,0,0,NA,2,2,100,0,0,0,1,0,1,0,0,0,1,4,"A","L",67,37,20,19,19,5,14,19,8,20,28,7,9,0,17,74,67,37,20,19,19,5,14,19,8,20,28,7,9,0,17,74,1,3.7,108.1,0.03,27,1,50,1,2.7,69.4,27.03,3,0,"2024-2025"
"ZAL","BAR","1_2","Regular Season","Tomas  Satoransky",28,2,1,5,20,0,0,NA,0,0,NA,4,3,7,5,0,3,0,1,3,2,5,"A","L",67,37,20,19,19,5,14,19,8,20,28,7,9,0,17,74,67,37,20,19,19,5,14,19,8,20,28,7,9,0,17,74,0.4,3.8,52.6,0.02,131.6,1.7,20,0,1.9,20,78.95,3.1,25,"2024-2025"
"ZAL","BAR","1_2","Regular Season","Willy  Hernangomez",11,8,3,6,50,0,0,NA,2,4,50,1,0,1,1,0,0,0,1,2,2,4,"A","L",67,37,20,19,19,5,14,19,8,20,28,7,9,0,17,74,67,37,20,19,19,5,14,19,8,20,28,7,9,0,17,74,0.8,6.5,123.1,0.02,15.4,Inf,50,0.67,4.8,51.5,0,7.6,6.2,"2024-2025"
"ZAL","BAR","1_2","Regular Season","Jabari  Parker",24,11,4,5,80,1,5,20,0,0,NA,0,2,2,0,0,0,0,0,0,0,8,"A","L",67,37,20,19,19,5,14,19,8,20,28,7,9,0,17,74,67,37,20,19,19,5,14,19,8,20,28,7,9,0,17,74,1.1,9.6,114.6,0.08,0,NA,55,0,6.6,55,0,4.5,0,"2024-2025"
"ZAL","BAR","1_2","Regular Season","Jan  Vesely",21,7,2,6,33.3,0,0,NA,3,4,75,0,3,3,1,1,0,0,0,2,3,8,"A","L",67,37,20,19,19,5,14,19,8,20,28,7,9,0,17,74,67,37,20,19,19,5,14,19,8,20,28,7,9,0,17,74,0.7,7.4,94.6,0.05,13.5,Inf,33.3,0.67,5,45.1,0,4,0,"2024-2025"
"ZAL","BAR","1_2","Regular Season","Chimezie  Metu",22,7,3,4,75,0,3,0,1,2,50,2,4,6,0,2,1,0,1,3,2,7,"A","L",67,37,20,19,19,5,14,19,8,20,28,7,9,0,17,74,67,37,20,19,19,5,14,19,8,20,28,7,9,0,17,74,0.78,6.6,106.1,0.05,0,0,42.9,0.29,5.3,44.4,15.15,4.3,12.5,"2024-2025"
"ZAL","BAR","1_2","Regular Season","Juan  Nunez",7,0,0,1,0,0,0,NA,0,0,NA,1,2,3,1,0,1,0,0,1,2,3,"A","L",67,37,20,19,19,5,14,19,8,20,28,7,9,0,17,74,67,37,20,19,19,5,14,19,8,20,28,7,9,0,17,74,0,1,0,0,100,1,0,0,-0.1,0,100,3.1,6.2,"2024-2025"
"ZAL","BAR","1_2","Regular Season","Nicolas  Laprovittola",23,12,3,4,75,1,2,50,3,4,75,0,1,1,8,3,2,0,0,3,4,20,"A","L",67,37,20,19,19,5,14,19,8,20,28,7,9,0,17,74,67,37,20,19,19,5,14,19,8,20,28,7,9,0,17,74,1.2,9.4,127.7,0.15,85.1,4,75,0.67,14.7,77.3,21.28,4.6,0,"2024-2025"
"ZAL","BAR","1_2","Regular Season","Alejandro  Abrines",23,5,1,1,100,1,6,16.7,0,0,NA,0,3,3,1,1,0,0,0,1,0,4,"A","L",67,37,20,19,19,5,14,19,8,20,28,7,9,0,17,74,67,37,20,19,19,5,14,19,8,20,28,7,9,0,17,74,0.71,6.7,74.6,0.04,14.9,Inf,35.7,0,3.1,35.7,0,3.3,0,"2024-2025"
"ASM","MIL","1_3","Regular Season","Fabien  Causeur",15,2,1,4,25,0,0,NA,0,0,NA,1,2,3,1,1,0,0,1,4,0,-1,"A","L",80,32,18,21,17,10,16,11,5,15,20,5,12,1,19,77,80,32,18,21,17,10,16,11,5,15,20,5,12,1,19,77,0.5,2.9,69,0,34.5,Inf,25,0,1,25,0,3,10,"2024-2025"
"ASM","MIL","1_3","Regular Season","Leandro  Bolmaro",23,9,3,4,75,0,2,0,3,4,75,0,2,2,3,0,2,0,0,2,3,9,"A","L",80,32,18,21,17,10,16,11,5,15,20,5,12,1,19,77,80,32,18,21,17,10,16,11,5,15,20,5,12,1,19,77,0.9,9.4,95.7,0.05,31.9,1.5,50,0.67,5.5,58,21.28,4.8,0,"2024-2025"
"ASM","MIL","1_3","Regular Season","Shavon  Shields",28,10,2,5,40,1,2,50,3,4,75,0,2,2,2,1,4,0,0,2,5,9,"A","L",80,32,18,21,17,10,16,11,5,15,20,5,12,1,19,77,80,32,18,21,17,10,16,11,5,15,20,5,12,1,19,77,0.91,12.2,82,0.04,16.4,0.5,50,0.57,4.1,57.1,32.79,5.1,0,"2024-2025"
"ASM","MIL","1_3","Regular Season","Josh  Nebo",22,7,3,5,60,0,0,NA,1,3,33.3,1,1,2,0,0,1,1,0,0,3,8,"A","L",80,32,18,21,17,10,16,11,5,15,20,5,12,1,19,77,80,32,18,21,17,10,16,11,5,15,20,5,12,1,19,77,0.88,6.1,114.8,0.04,0,0,60,0.6,4.6,55.4,16.39,3.7,10,"2024-2025"
"ASM","MIL","1_3","Regular Season","Nikola  Mirotic",27,9,0,0,NA,2,5,40,3,4,75,1,2,3,0,2,2,0,0,2,2,8,"A","L",80,32,18,21,17,10,16,11,5,15,20,5,12,1,19,77,80,32,18,21,17,10,16,11,5,15,20,5,12,1,19,77,1,7.4,121.6,0.05,0,0,60,0.8,6.4,66.6,27.03,3.6,10,"2024-2025"
"ASM","MIL","1_3","Regular Season","Nenad  Dimitrijevic",24,11,3,6,50,1,2,50,2,2,100,2,4,6,5,0,2,0,0,3,2,15,"A","L",80,32,18,21,17,10,16,11,5,15,20,5,12,1,19,77,80,32,18,21,17,10,16,11,5,15,20,5,12,1,19,77,1.1,8.5,129.4,0.11,58.8,2.5,56.2,0.25,9.9,61.9,23.53,5.1,20,"2024-2025"
"ASM","MIL","1_3","Regular Season","Stefano  Tonut",4,0,0,0,NA,0,0,NA,0,0,NA,0,0,0,0,0,0,0,0,0,0,0,"A","L",80,32,18,21,17,10,16,11,5,15,20,5,12,1,19,77,80,32,18,21,17,10,16,11,5,15,20,5,12,1,19,77,NA,0,NA,0,NA,NA,NA,NA,0,NA,NA,0,0,"2024-2025"
"ASM","MIL","1_3","Regular Season","Armoni  Brooks",15,16,2,2,100,4,5,80,0,0,NA,0,1,1,0,0,0,0,0,1,0,15,"A","L",80,32,18,21,17,10,16,11,5,15,20,5,12,1,19,77,80,32,18,21,17,10,16,11,5,15,20,5,12,1,19,77,2.29,6.7,238.8,0.14,0,NA,114.3,0,13.4,114.3,0,5.2,0,"2024-2025"
"ASM","MIL","1_3","Regular Season","Zach  LeDay",18,11,2,3,66.7,1,1,100,4,4,100,0,1,1,0,0,0,0,0,1,5,15,"A","L",80,32,18,21,17,10,16,11,5,15,20,5,12,1,19,77,80,32,18,21,17,10,16,11,5,15,20,5,12,1,19,77,1.38,5.5,200,0.09,0,NA,87.5,1,9.3,95.5,0,3.6,0,"2024-2025"
"ASM","MIL","1_3","Regular Season","Giampaolo  Ricci",10,3,0,0,NA,1,1,100,0,0,NA,0,0,0,0,1,1,0,0,3,0,0,"A","L",80,32,18,21,17,10,16,11,5,15,20,5,12,1,19,77,80,32,18,21,17,10,16,11,5,15,20,5,12,1,19,77,3,1.9,157.9,0,0,0,150,0,1.5,150,52.63,2.2,0,"2024-2025"
"ASM","MIL","1_3","Regular Season","David  McCormack",12,2,1,3,33.3,0,0,NA,0,0,NA,0,0,0,0,0,0,0,0,1,0,-1,"A","L",80,32,18,21,17,10,16,11,5,15,20,5,12,1,19,77,80,32,18,21,17,10,16,11,5,15,20,5,12,1,19,77,0.67,2.9,69,-0.01,0,NA,33.3,0,-0.1,33.3,0,2.8,0,"2024-2025"
"MIL","ASM","1_3","Regular Season","Furkan  Korkmaz",14,10,3,4,75,1,2,50,1,2,50,0,1,1,0,2,1,0,0,2,1,8,"H","W",93,40,26,21,26,8,17,15,14,17,31,8,8,1,20,101,93,40,26,21,26,8,17,15,14,17,31,8,8,1,20,101,1.25,7.6,131.6,0.05,0,0,75,0.33,7.5,72.7,13.16,5.4,0,"2024-2025"
"MIL","ASM","1_3","Regular Season","Alpha  Diallo",29,20,5,8,62.5,2,3,66.7,4,5,80,2,3,5,4,2,1,0,0,3,4,26,"H","W",93,40,26,21,26,8,17,15,14,17,31,8,8,1,20,101,93,40,26,21,26,8,17,15,14,17,31,8,8,1,20,101,1.25,11.7,170.9,0.14,34.2,4,72.7,0.45,19.6,75.8,8.55,4.7,7.1,"2024-2025"
"MIL","ASM","1_3","Regular Season","Mouhammadou  Jaiteh",21,10,5,6,83.3,0,0,NA,0,0,NA,3,4,7,1,0,2,1,0,2,3,17,"H","W",93,40,26,21,26,8,17,15,14,17,31,8,8,1,20,101,93,40,26,21,26,8,17,15,14,17,31,8,8,1,20,101,1.67,4.8,208.3,0.08,20.8,0.5,83.3,0,9.7,83.3,41.67,3.7,10.7,"2024-2025"
"MIL","ASM","1_3","Regular Season","Donatas  Motiejunas",23,2,1,6,16.7,0,1,0,0,0,NA,5,3,8,0,0,1,0,0,2,0,1,"H","W",93,40,26,21,26,8,17,15,14,17,31,8,8,1,20,101,93,40,26,21,26,8,17,15,14,17,31,8,8,1,20,101,0.29,2.9,69,-0.01,0,0,14.3,0,0.1,14.3,34.48,3.3,17.9,"2024-2025"
"MIL","ASM","1_3","Regular Season","Mike  James",18,9,2,3,66.7,0,4,0,5,5,100,0,1,1,5,0,0,0,1,1,3,11,"H","W",93,40,26,21,26,8,17,15,14,17,31,8,8,1,20,101,93,40,26,21,26,8,17,15,14,17,31,8,8,1,20,101,0.75,8.8,102.3,0.06,56.8,Inf,28.6,0.71,8.3,48.9,0,4.9,0,"2024-2025"
"MIL","ASM","1_3","Regular Season","Elie  Okobo",26,14,3,4,75,2,6,33.3,2,2,100,0,1,1,4,3,1,0,0,3,2,15,"H","W",93,40,26,21,26,8,17,15,14,17,31,8,8,1,20,101,93,40,26,21,26,8,17,15,14,17,31,8,8,1,20,101,1.17,11.4,122.8,0.08,35.1,4,60,0.2,12.9,64.3,8.77,4.4,0,"2024-2025"
"MIL","ASM","1_3","Regular Season","Jaron  Blossomgame",21,7,3,4,75,0,0,NA,1,2,50,1,1,2,0,0,0,0,0,1,1,7,"H","W",93,40,26,21,26,8,17,15,14,17,31,8,8,1,20,101,93,40,26,21,26,8,17,15,14,17,31,8,8,1,20,101,1.17,3.7,189.2,0.04,0,NA,75,0.5,5.6,71.7,0,2.2,3.6,"2024-2025"
"MIL","ASM","1_3","Regular Season","Georgios  Papagiannis",19,7,2,3,66.7,1,3,33.3,0,0,NA,1,2,3,1,0,1,0,0,1,0,6,"H","W",93,40,26,21,26,8,17,15,14,17,31,8,8,1,20,101,93,40,26,21,26,8,17,15,14,17,31,8,8,1,20,101,1.17,5.8,120.7,0.04,17.2,1,58.3,0,4.6,58.3,17.24,3.5,3.6,"2024-2025"
"MIL","ASM","1_3","Regular Season","Vitto  Brown",6,4,1,1,100,0,2,0,2,2,100,2,1,3,0,1,0,0,0,2,1,5,"H","W",93,40,26,21,26,8,17,15,14,17,31,8,8,1,20,101,93,40,26,21,26,8,17,15,14,17,31,8,8,1,20,101,0.8,1.8,222.2,0.02,0,NA,33.3,0.67,4.2,51.5,0,6.2,7.1,"2024-2025"
"MIL","ASM","1_3","Regular Season","Matthew  Strazel",21,10,1,1,100,2,5,40,2,3,66.7,0,0,0,0,0,1,0,0,3,3,5,"H","W",93,40,26,21,26,8,17,15,14,17,31,8,8,1,20,101,93,40,26,21,26,8,17,15,14,17,31,8,8,1,20,101,1.11,8,125,0.01,0,0,66.7,0.5,4.4,68.3,12.5,3.8,0,"2024-2025"
"MAC","VIL","1_4","Regular Season","Paris  Lee",25,12,3,6,50,2,4,50,0,0,NA,0,2,2,4,1,1,0,0,1,1,13,"A","L",82,44,17,9,25,8,8,23,6,18,24,6,16,3,18,87,82,44,17,9,25,8,8,23,6,18,24,6,16,3,18,87,1.2,10.6,113.2,0.09,37.7,4,60,0,10,60,9.43,4.3,0,"2024-2025"
"MAC","VIL","1_4","Regular Season","Charles Lombahe Kahudi",3,0,0,1,0,0,0,NA,0,0,NA,0,0,0,0,0,0,0,0,0,0,-1,"A","L",82,44,17,9,25,8,8,23,6,18,24,6,16,3,18,87,82,44,17,9,25,8,8,23,6,18,24,6,16,3,18,87,0,1,0,-0.01,0,NA,0,0,-0.7,0,0,3.3,0,"2024-2025"
"MAC","VIL","1_4","Regular Season","Theo  Maledon",27,11,2,4,50,1,3,33.3,4,4,100,0,4,4,3,2,2,0,0,1,4,17,"A","L",82,44,17,9,25,8,8,23,6,18,24,6,16,3,18,87,82,44,17,9,25,8,8,23,6,18,24,6,16,3,18,87,1,10.3,106.8,0.09,29.1,1.5,50,0.57,10.2,62.8,19.42,3.9,0,"2024-2025"
"MAC","VIL","1_4","Regular Season","Joffrey  Lauvergne",26,17,7,11,63.6,1,3,33.3,0,0,NA,1,0,1,1,0,1,0,1,2,2,11,"A","L",82,44,17,9,25,8,8,23,6,18,24,6,16,3,18,87,82,44,17,9,25,8,8,23,6,18,24,6,16,3,18,87,1.21,13.4,126.9,0.07,7.5,1,60.7,0,10,60.7,7.46,5.7,8.3,"2024-2025"
"MAC","VIL","1_4","Regular Season","Neal  Sako",17,6,2,3,66.7,0,0,NA,2,2,100,4,0,4,3,2,0,1,1,1,2,15,"A","L",82,44,17,9,25,8,8,23,6,18,24,6,16,3,18,87,82,44,17,9,25,8,8,23,6,18,24,6,16,3,18,87,1.2,-0.1,-6000,0.08,-3000,Inf,66.7,0.67,11.9,77.3,0,2.3,33.3,"2024-2025"
"MAC","VIL","1_4","Regular Season","Shaquille  Harrison",16,5,1,3,33.3,1,1,100,0,0,NA,0,1,1,1,0,1,1,1,2,0,2,"A","L",82,44,17,9,25,8,8,23,6,18,24,6,16,3,18,87,82,44,17,9,25,8,8,23,6,18,24,6,16,3,18,87,1.25,4.8,104.2,0.02,20.8,1,62.5,0,2.9,62.5,20.83,3.1,0,"2024-2025"
"MAC","VIL","1_4","Regular Season","Edwin  Jackson",22,5,1,4,25,1,2,50,0,0,NA,1,1,2,1,0,2,0,1,2,1,0,"A","L",82,44,17,9,25,8,8,23,6,18,24,6,16,3,18,87,82,44,17,9,25,8,8,23,6,18,24,6,16,3,18,87,0.83,6.7,74.6,0,14.9,0.5,41.7,0,0.5,41.7,29.85,3.6,8.3,"2024-2025"
"MAC","VIL","1_4","Regular Season","Nando  de Colo",13,5,2,3,66.7,0,1,0,1,1,100,0,0,0,4,0,2,0,0,1,1,5,"A","L",82,44,17,9,25,8,8,23,6,18,24,6,16,3,18,87,82,44,17,9,25,8,8,23,6,18,24,6,16,3,18,87,1,6.2,80.6,0.03,64.5,2,50,0.25,3.4,56.3,32.26,4.9,0,"2024-2025"
"MAC","VIL","1_4","Regular Season","David  Lighty",14,3,0,1,0,1,2,50,0,0,NA,0,2,2,2,0,0,0,0,2,1,4,"A","L",82,44,17,9,25,8,8,23,6,18,24,6,16,3,18,87,82,44,17,9,25,8,8,23,6,18,24,6,16,3,18,87,1,2.9,103.4,0.02,69,Inf,50,0,2.5,50,0,2.1,0,"2024-2025"
"MAC","VIL","1_4","Regular Season","Mbaye  Ndiaye",20,8,2,3,66.7,1,1,100,1,1,100,0,3,3,4,1,4,1,0,3,2,11,"A","L",82,44,17,9,25,8,8,23,6,18,24,6,16,3,18,87,82,44,17,9,25,8,8,23,6,18,24,6,16,3,18,87,1.6,8.1,98.8,0.06,49.4,1,87.5,0.25,6.6,90.1,49.38,4.2,0,"2024-2025"
"MAC","VIL","1_4","Regular Season","Tarik  Black",18,10,5,5,100,0,0,NA,0,1,0,0,5,5,0,0,3,0,0,3,2,10,"A","L",82,44,17,9,25,8,8,23,6,18,24,6,16,3,18,87,82,44,17,9,25,8,8,23,6,18,24,6,16,3,18,87,1.67,8.1,123.5,0.06,0,0,100,0.2,5.4,91.9,37.04,4.6,0,"2024-2025"
"VIL","MAC","1_4","Regular Season","Jordan  Loyd",26,15,5,8,62.5,1,3,33.3,2,2,100,0,1,1,2,1,1,0,0,2,1,12,"H","W",89,47,18,15,28,7,12,20,7,22,29,10,10,4,16,108,89,47,18,15,28,7,12,20,7,22,29,10,10,4,16,108,1.15,12.4,121,0.06,16.1,2,59.1,0.18,10.6,63.1,8.06,4.9,0,"2024-2025"
"VIL","MAC","1_4","Regular Season","Roman  Sorkin",22,7,3,5,60,0,3,0,1,2,50,1,2,3,1,1,0,1,1,4,2,4,"H","W",89,47,18,15,28,7,12,20,7,22,29,10,10,4,16,108,89,47,18,15,28,7,12,20,7,22,29,10,10,4,16,108,0.7,7.6,92.1,0.01,13.2,Inf,37.5,0.25,4.3,39.4,0,4,7.1,"2024-2025"
"VIL","MAC","1_4","Regular Season","Jasiel  Rivero",29,11,5,7,71.4,0,1,0,1,2,50,2,7,9,2,3,2,2,0,2,5,24,"H","W",89,47,18,15,28,7,12,20,7,22,29,10,10,4,16,108,89,47,18,15,28,7,12,20,7,22,29,10,10,4,16,108,1.1,8.5,129.4,0.1,23.5,1,62.5,0.25,13.5,61.9,23.53,3.7,14.3,"2024-2025"
"VIL","MAC","1_4","Regular Season","Levi  Randolph",28,8,3,7,42.9,0,1,0,2,2,100,1,5,6,0,1,2,0,1,3,1,5,"H","W",89,47,18,15,28,7,12,20,7,22,29,10,10,4,16,108,89,47,18,15,28,7,12,20,7,22,29,10,10,4,16,108,0.8,9.5,84.2,0.03,0,0,37.5,0.25,3.6,45,21.05,3.8,7.1,"2024-2025"
"VIL","MAC","1_4","Regular Season","Tamir  Blatt",29,21,4,5,80,4,4,100,1,1,100,0,2,2,12,1,2,0,0,0,3,36,"H","W",89,47,18,15,28,7,12,20,7,22,29,10,10,4,16,108,89,47,18,15,28,7,12,20,7,22,29,10,10,4,16,108,2.1,11,190.9,0.19,109.1,6,111.1,0.11,25.9,111.2,18.18,3.9,0,"2024-2025"
"VIL","MAC","1_4","Regular Season","Alpha  Kaba",2,0,0,0,NA,0,0,NA,0,0,NA,0,1,1,0,0,0,0,0,1,0,0,"H","W",89,47,18,15,28,7,12,20,7,22,29,10,10,4,16,108,89,47,18,15,28,7,12,20,7,22,29,10,10,4,16,108,NA,0,NA,0,NA,NA,NA,NA,-0.1,NA,NA,0,0,"2024-2025"
"VIL","MAC","1_4","Regular Season","Jaylen  Hoard",21,15,6,12,50,0,0,NA,3,4,75,3,1,4,1,0,0,0,1,1,2,13,"H","W",89,47,18,15,28,7,12,20,7,22,29,10,10,4,16,108,89,47,18,15,28,7,12,20,7,22,29,10,10,4,16,108,0.94,10.3,145.6,0.06,9.7,Inf,50,0.33,11.3,54.5,0,6.4,21.4,"2024-2025"
"VIL","MAC","1_4","Regular Season","Rafael  Menco",4,0,0,0,NA,0,0,NA,0,0,NA,0,0,0,0,0,0,0,0,0,0,0,"H","W",89,47,18,15,28,7,12,20,7,22,29,10,10,4,16,108,89,47,18,15,28,7,12,20,7,22,29,10,10,4,16,108,NA,0,NA,0,NA,NA,NA,NA,0,NA,NA,0,0,"2024-2025"
"VIL","MAC","1_4","Regular Season","Will  Rayman",3,0,0,0,NA,0,1,0,0,0,NA,0,0,0,0,1,0,0,0,0,0,0,"H","W",89,47,18,15,28,7,12,20,7,22,29,10,10,4,16,108,89,47,18,15,28,7,12,20,7,22,29,10,10,4,16,108,0,1,0,0,0,NA,0,0,0.3,0,0,3.3,0,"2024-2025"
"VIL","MAC","1_4","Regular Season","John  Dibartolomeo",18,8,0,0,NA,2,3,66.7,2,2,100,0,2,2,0,2,1,0,0,1,3,12,"H","W",89,47,18,15,28,7,12,20,7,22,29,10,10,4,16,108,89,47,18,15,28,7,12,20,7,22,29,10,10,4,16,108,1.6,4.7,170.2,0.05,0,0,100,0.67,7.9,103.1,21.28,2.7,0,"2024-2025"
"VIL","MAC","1_4","Regular Season","Rokas  Jokubaitis",15,4,2,3,66.7,0,2,0,0,0,NA,0,1,1,2,0,2,1,0,2,1,2,"H","W",89,47,18,15,28,7,12,20,7,22,29,10,10,4,16,108,89,47,18,15,28,7,12,20,7,22,29,10,10,4,16,108,0.8,6.7,59.7,0,29.9,1,40,0,0.9,40,29.85,4.6,0,"2024-2025"
"BAS","PAR","1_5","Regular Season","Brandon  Davies",31,20,5,7,71.4,3,6,50,1,2,50,1,0,1,3,1,2,0,1,3,2,15,"A","L",82,40,24,10,21,11,7,20,3,18,21,6,8,0,16,78,82,40,24,10,21,11,7,20,3,18,21,6,8,0,16,78,1.33,14.3,139.9,0.1,21,1.5,73.1,0.15,14.3,72,13.99,5.4,16.7,"2024-2025"
"BAS","PAR","1_5","Regular Season","Gabriel  Lundberg",23,10,2,5,40,2,4,50,0,0,NA,0,1,1,4,0,2,0,0,1,2,9,"A","L",82,40,24,10,21,11,7,20,3,18,21,6,8,0,16,78,82,40,24,10,21,11,7,20,3,18,21,6,8,0,16,78,1.11,10.6,94.3,0.05,37.7,2,55.6,0,6,55.6,18.87,5,0,"2024-2025"
"BAS","PAR","1_5","Regular Season","Vanja  Marinkovic",29,11,1,1,100,3,6,50,0,0,NA,1,3,4,2,0,0,0,0,4,0,10,"A","L",82,40,24,10,21,11,7,20,3,18,21,6,8,0,16,78,82,40,24,10,21,11,7,20,3,18,21,6,8,0,16,78,1.57,5.8,189.7,0.07,34.5,Inf,78.6,0,9.1,78.6,0,2.5,16.7,"2024-2025"
"BAS","PAR","1_5","Regular Season","Sterling  Brown",25,4,2,6,33.3,0,2,0,0,0,NA,0,3,3,3,2,2,0,3,2,0,-1,"A","L",82,40,24,10,21,11,7,20,3,18,21,6,8,0,16,78,82,40,24,10,21,11,7,20,3,18,21,6,8,0,16,78,0.5,9.6,41.7,0.01,31.2,1.5,25,0,1.4,25,20.83,4.2,0,"2024-2025"
"BAS","PAR","1_5","Regular Season","Tyrique  Jones",31,22,9,10,90,0,0,NA,4,6,66.7,1,3,4,1,2,1,0,0,3,6,28,"A","L",82,40,24,10,21,11,7,20,3,18,21,6,8,0,16,78,82,40,24,10,21,11,7,20,3,18,21,6,8,0,16,78,1.38,12.1,181.8,0.16,8.3,1,90,0.6,19.9,87,8.26,4.6,16.7,"2024-2025"
"BAS","PAR","1_5","Regular Season","Carlik  Jones",20,4,2,6,33.3,0,0,NA,0,0,NA,0,3,3,6,1,1,0,1,1,2,9,"A","L",82,40,24,10,21,11,7,20,3,18,21,6,8,0,16,78,82,40,24,10,21,11,7,20,3,18,21,6,8,0,16,78,0.67,6.7,59.7,0.06,89.6,6,33.3,0,5.3,33.3,14.93,3.7,0,"2024-2025"
"BAS","PAR","1_5","Regular Season","Frank  Ntilikina",18,3,0,0,NA,1,2,50,0,0,NA,0,1,1,0,0,0,0,0,1,1,3,"A","L",82,40,24,10,21,11,7,20,3,18,21,6,8,0,16,78,82,40,24,10,21,11,7,20,3,18,21,6,8,0,16,78,1.5,1.9,157.9,0.01,0,NA,75,0,1.9,75,0,1.2,0,"2024-2025"
"BAS","PAR","1_5","Regular Season","Isaac  Bonga",24,8,0,5,0,2,4,50,2,2,100,0,4,4,1,0,0,0,1,1,1,5,"A","L",82,40,24,10,21,11,7,20,3,18,21,6,8,0,16,78,82,40,24,10,21,11,7,20,3,18,21,6,8,0,16,78,0.73,9.5,84.2,0.04,10.5,Inf,33.3,0.22,4,40.5,0,4.3,0,"2024-2025"
"PAR","BAS","1_5","Regular Season","Tadas  Sedekerskis",27,14,3,3,100,2,3,66.7,2,4,50,1,5,6,1,0,0,0,0,0,3,21,"H","W",88,35,21,21,21,9,19,14,6,21,27,4,9,6,14,104,88,35,21,21,21,9,19,14,6,21,27,4,9,6,14,104,1.4,6.5,215.4,0.11,15.4,Inf,100,0.67,13.9,90.2,0,3.1,8.3,"2024-2025"
"PAR","BAS","1_5","Regular Season","Timothe  Luwawu-Cabarrot",31,15,5,10,50,1,2,50,2,2,100,1,3,4,2,2,2,1,0,3,1,14,"H","W",88,35,21,21,21,9,19,14,6,21,27,4,9,6,14,104,88,35,21,21,21,9,19,14,6,21,27,4,9,6,14,104,1.07,13.3,112.8,0.07,15,1,54.2,0.17,11.5,58.2,15.04,5.2,8.3,"2024-2025"
"PAR","BAS","1_5","Regular Season","Trent  Forrest",22,10,2,3,66.7,1,1,100,3,3,100,0,2,2,4,1,1,0,0,0,2,17,"H","W",88,35,21,21,21,9,19,14,6,21,27,4,9,6,14,104,88,35,21,21,21,9,19,14,6,21,27,4,9,6,14,104,1.43,6.1,163.9,0.09,65.6,4,87.5,0.75,11.8,94,16.39,3.1,0,"2024-2025"
"PAR","BAS","1_5","Regular Season","Donta  Hall",22,8,3,3,100,0,0,NA,2,2,100,1,3,4,0,0,0,4,0,4,2,14,"H","W",88,35,21,21,21,9,19,14,6,21,27,4,9,6,14,104,88,35,21,21,21,9,19,14,6,21,27,4,9,6,14,104,1.6,2.8,285.7,0.06,0,NA,100,0.67,9.9,103.1,0,1.9,8.3,"2024-2025"
"PAR","BAS","1_5","Regular Season","Chima  Moneke",35,13,2,4,50,1,5,20,6,6,100,2,2,4,4,1,3,0,0,2,5,16,"H","W",88,35,21,21,21,9,19,14,6,21,27,4,9,6,14,104,88,35,21,21,21,9,19,14,6,21,27,4,9,6,14,104,0.87,12.1,107.4,0.06,33.1,1.3,38.9,0.67,9.9,55.8,24.79,4.5,16.7,"2024-2025"
"PAR","BAS","1_5","Regular Season","Markus  Howard",20,17,2,6,33.3,3,6,50,4,4,100,0,1,1,1,0,1,0,0,1,2,12,"H","W",88,35,21,21,21,9,19,14,6,21,27,4,9,6,14,104,88,35,21,21,21,9,19,14,6,21,27,4,9,6,14,104,1.06,14.2,119.7,0.06,7,1,54.2,0.33,10.2,61.8,7.04,8,0,"2024-2025"
"PAR","BAS","1_5","Regular Season","Ognjen  Jaramaz",1,2,1,1,100,0,0,NA,0,0,NA,0,0,0,0,0,0,0,0,1,0,1,"H","W",88,35,21,21,21,9,19,14,6,21,27,4,9,6,14,104,88,35,21,21,21,9,19,14,6,21,27,4,9,6,14,104,2,1,200,0.01,0,NA,100,0,1.3,100,0,10.8,0,"2024-2025"
"PAR","BAS","1_5","Regular Season","Nikos  Rogkavopoulos",7,0,0,1,0,0,1,0,0,0,NA,0,1,1,0,0,0,0,0,1,0,-2,"H","W",88,35,21,21,21,9,19,14,6,21,27,4,9,6,14,104,88,35,21,21,21,9,19,14,6,21,27,4,9,6,14,104,0,1.9,0,-0.01,0,NA,0,0,-1.5,0,0,3.1,0,"2024-2025"
"PAR","BAS","1_5","Regular Season","Khalifa  Diop",17,2,1,1,100,0,0,NA,0,0,NA,1,3,4,0,0,1,1,0,1,1,6,"H","W",88,35,21,21,21,9,19,14,6,21,27,4,9,6,14,104,88,35,21,21,21,9,19,14,6,21,27,4,9,6,14,104,2,1,200,0.02,0,0,100,0,2.6,100,100,1.3,8.3,"2024-2025"
"PAR","BAS","1_5","Regular Season","Kamar  Baldwin",17,7,2,3,66.7,1,3,33.3,0,0,NA,0,1,1,2,0,1,0,0,1,0,5,"H","W",88,35,21,21,21,9,19,14,6,21,27,4,9,6,14,104,88,35,21,21,21,9,19,14,6,21,27,4,9,6,14,104,1.17,6.7,104.5,0.03,29.9,2,58.3,0,4.3,58.3,14.93,4.4,0,"2024-2025"
"BAY","RMB","1_6","Regular Season","Alberto   Abalde",17,3,0,0,NA,1,2,50,0,0,NA,0,1,1,0,1,2,0,0,2,0,0,"A","L",89,35,22,20,24,9,14,18,5,21,26,8,17,3,26,88,89,35,22,20,24,9,14,18,5,21,26,8,17,3,26,88,1.5,3.8,78.9,0,0,0,75,0,0.5,75,52.63,2.3,0,"2024-2025"
"BAY","RMB","1_6","Regular Season","Facundo  Campazzo",27,19,2,7,28.6,3,5,60,6,6,100,0,1,1,9,2,3,0,1,5,6,21,"A","L",89,35,22,20,24,9,14,18,5,21,26,8,17,3,26,88,89,35,22,20,24,9,14,18,5,21,26,8,17,3,26,88,1.06,16.9,112.4,0.12,53.3,3,54.2,0.5,16.2,64.9,17.75,6.3,0,"2024-2025"
"BAY","RMB","1_6","Regular Season","Dzanan  Musa",24,18,5,8,62.5,2,5,40,2,2,100,0,2,2,4,0,4,0,0,2,1,13,"A","L",89,35,22,20,24,9,14,18,5,21,26,8,17,3,26,88,89,35,22,20,24,9,14,18,5,21,26,8,17,3,26,88,1.2,17.2,104.7,0.09,23.3,1,61.5,0.15,10.3,64.8,23.26,7.2,0,"2024-2025"
"BAY","RMB","1_6","Regular Season","Walter  Tavares",21,12,5,5,100,0,0,NA,2,3,66.7,3,6,9,0,0,2,2,0,2,2,20,"A","L",89,35,22,20,24,9,14,18,5,21,26,8,17,3,26,88,89,35,22,20,24,9,14,18,5,21,26,8,17,3,26,88,1.5,5.1,235.3,0.12,0,0,100,0.6,12.6,94.9,39.22,3.8,30,"2024-2025"
"BAY","RMB","1_6","Regular Season","Eli  Ndiaye",14,0,0,0,NA,0,1,0,0,0,NA,0,1,1,0,0,0,0,0,0,0,0,"A","L",89,35,22,20,24,9,14,18,5,21,26,8,17,3,26,88,89,35,22,20,24,9,14,18,5,21,26,8,17,3,26,88,0,1,0,0,0,NA,0,0,-0.4,0,0,0.7,0,"2024-2025"
"BAY","RMB","1_6","Regular Season","Xavier  Rathan-Mayes",14,12,4,5,80,1,3,33.3,1,5,20,0,1,1,1,3,1,1,0,3,3,10,"A","L",89,35,22,20,24,9,14,18,5,21,26,8,17,3,26,88,89,35,22,20,24,9,14,18,5,21,26,8,17,3,26,88,0.92,10.8,111.1,0.05,9.3,1,68.8,0.62,9.3,58.8,9.26,7.7,0,"2024-2025"
"BAY","RMB","1_6","Regular Season","Hugo  Gonzalez",7,0,0,0,NA,0,0,NA,0,0,NA,0,1,1,0,0,1,0,0,0,1,1,"A","L",89,35,22,20,24,9,14,18,5,21,26,8,17,3,26,88,89,35,22,20,24,9,14,18,5,21,26,8,17,3,26,88,NA,1,0,0,0,0,NA,NA,-0.7,NA,100,1.4,0,"2024-2025"
"BAY","RMB","1_6","Regular Season","Gabriel  Deck",27,11,4,4,100,0,1,0,3,4,75,0,5,5,1,0,1,0,0,2,2,14,"A","L",89,35,22,20,24,9,14,18,5,21,26,8,17,3,26,88,89,35,22,20,24,9,14,18,5,21,26,8,17,3,26,88,1.22,7.4,148.6,0.09,13.5,1,80,0.8,9.1,81.4,13.51,2.8,0,"2024-2025"
"BAY","RMB","1_6","Regular Season","Usman  Garuba",5,2,1,1,100,0,0,NA,0,0,NA,0,0,0,0,0,0,0,0,3,0,-1,"A","L",89,35,22,20,24,9,14,18,5,21,26,8,17,3,26,88,89,35,22,20,24,9,14,18,5,21,26,8,17,3,26,88,2,1,200,-0.01,0,NA,100,0,0.5,100,0,1.9,0,"2024-2025"
"BAY","RMB","1_6","Regular Season","Serge  Ibaka",16,9,3,4,75,1,3,33.3,0,0,NA,2,2,4,0,0,1,0,0,4,0,5,"A","L",89,35,22,20,24,9,14,18,5,21,26,8,17,3,26,88,89,35,22,20,24,9,14,18,5,21,26,8,17,3,26,88,1.29,5.8,155.2,0.03,0,0,64.3,0,5.1,64.3,17.24,4.8,20,"2024-2025"
"BAY","RMB","1_6","Regular Season","Sergio  Llull",14,3,0,0,NA,1,2,50,0,0,NA,0,1,1,1,1,0,0,0,1,2,6,"A","L",89,35,22,20,24,9,14,18,5,21,26,8,17,3,26,88,89,35,22,20,24,9,14,18,5,21,26,8,17,3,26,88,1.5,1.9,157.9,0.03,52.6,Inf,75,0,3.6,75,0,1.4,0,"2024-2025"
"BAY","RMB","1_6","Regular Season","Andres  Feliz",12,0,0,1,0,0,0,NA,0,0,NA,0,0,0,2,1,2,0,0,2,1,-1,"A","L",89,35,22,20,24,9,14,18,5,21,26,8,17,3,26,88,89,35,22,20,24,9,14,18,5,21,26,8,17,3,26,88,0,2.9,0,-0.01,69,1,0,0,-1.1,0,68.97,2.4,0,"2024-2025"
"RMB","BAY","1_6","Regular Season","Nick  Weiler-Babb",17,0,0,2,0,0,2,0,0,0,NA,0,0,0,4,1,3,0,0,0,1,-1,"H","W",97,28,35,24,16,15,20,22,7,19,26,8,15,1,18,106,97,28,35,24,16,15,20,22,7,19,26,8,15,1,18,106,0,6.7,0,-0.01,59.7,1.3,0,0,-2,0,44.78,3.7,0,"2024-2025"
"RMB","BAY","1_6","Regular Season","Johannes  Voigtmann",34,19,2,3,66.7,5,9,55.6,0,2,0,3,7,10,4,1,2,0,0,3,1,23,"H","W",97,28,35,24,16,15,20,22,7,19,26,8,15,1,18,106,97,28,35,24,16,15,20,22,7,19,26,8,15,1,18,106,1.36,11.4,166.7,0.13,35.1,2,79.2,0.17,17.4,73.8,17.54,4,21.4,"2024-2025"
"RMB","BAY","1_6","Regular Season","Vladimir  Lucic",23,9,1,2,50,0,2,0,7,7,100,1,2,3,1,1,1,0,0,0,4,14,"H","W",97,28,35,24,16,15,20,22,7,19,26,8,15,1,18,106,97,28,35,24,16,15,20,22,7,19,26,8,15,1,18,106,0.82,6.8,132.4,0.06,14.7,1,25,1.75,8.6,63.6,14.71,3.2,7.1,"2024-2025"
"RMB","BAY","1_6","Regular Season","Andreas  Obst",13,9,1,1,100,2,3,66.7,1,2,50,0,0,0,2,0,1,0,0,2,3,9,"H","W",97,28,35,24,16,15,20,22,7,19,26,8,15,1,18,106,97,28,35,24,16,15,20,22,7,19,26,8,15,1,18,106,1.5,5.6,160.7,0.04,35.7,2,100,0.5,6.6,92.2,17.86,4.1,0,"2024-2025"
"RMB","BAY","1_6","Regular Season","Devin   Booker",25,11,3,4,75,1,3,33.3,2,2,100,1,2,3,2,1,3,0,1,5,3,8,"H","W",97,28,35,24,16,15,20,22,7,19,26,8,15,1,18,106,97,28,35,24,16,15,20,22,7,19,26,8,15,1,18,106,1.22,9.5,115.8,0.03,21.1,0.7,64.3,0.29,6.4,69.8,31.58,3.9,7.1,"2024-2025"
"RMB","BAY","1_6","Regular Season","Oscar  da Silva",15,4,1,2,50,0,0,NA,2,2,100,1,0,1,0,1,1,0,0,2,2,4,"H","W",97,28,35,24,16,15,20,22,7,19,26,8,15,1,18,106,97,28,35,24,16,15,20,22,7,19,26,8,15,1,18,106,1,2.8,142.9,0.01,0,0,50,1,2.9,69.4,35.71,2.3,7.1,"2024-2025"
"RMB","BAY","1_6","Regular Season","Carsen  Edwards",27,14,4,7,57.1,1,9,11.1,3,3,100,1,2,3,6,0,1,0,1,2,4,12,"H","W",97,28,35,24,16,15,20,22,7,19,26,8,15,1,18,106,97,28,35,24,16,15,20,22,7,19,26,8,15,1,18,106,0.74,16.6,84.3,0.05,36.1,6,34.4,0.19,8.5,40.4,6.02,6.1,7.1,"2024-2025"
"RMB","BAY","1_6","Regular Season","Niels  Giffey",19,6,0,0,NA,2,2,100,0,0,NA,0,3,3,1,1,0,1,0,0,1,13,"H","W",97,28,35,24,16,15,20,22,7,19,26,8,15,1,18,106,97,28,35,24,16,15,20,22,7,19,26,8,15,1,18,106,3,1.9,315.8,0.07,52.6,Inf,150,0,8.7,150,0,1,0,"2024-2025"
"RMB","BAY","1_6","Regular Season","Shabazz  Napier",23,25,4,7,57.1,4,5,80,5,6,83.3,0,2,2,2,1,3,0,1,3,5,23,"H","W",97,28,35,24,16,15,20,22,7,19,26,8,15,1,18,106,97,28,35,24,16,15,20,22,7,19,26,8,15,1,18,106,1.39,16.9,147.9,0.12,11.8,0.7,83.3,0.5,18.2,85.4,17.75,6.9,0,"2024-2025"
"RMB","BAY","1_6","Regular Season","Danko   Brankovic",4,0,0,0,NA,0,0,NA,0,0,NA,0,1,1,0,1,0,0,0,1,0,1,"H","W",97,28,35,24,16,15,20,22,7,19,26,8,15,1,18,106,97,28,35,24,16,15,20,22,7,19,26,8,15,1,18,106,NA,0,NA,0.01,NA,NA,NA,NA,0.9,NA,NA,0,0,"2024-2025"
"FEN","OLY","1_7","Regular Season","Nigel  Williams-Goss",21,6,2,6,33.3,0,1,0,2,2,100,1,0,1,2,0,2,0,0,1,2,3,"A","L",71,40,20,21,20,4,19,15,3,16,19,3,7,0,22,58,71,40,20,21,20,4,19,15,3,16,19,3,7,0,22,58,0.67,8.5,70.6,0.01,23.5,1,28.6,0.29,1.6,38.1,23.53,4.9,16.7,"2024-2025"
"FEN","OLY","1_7","Regular Season","Moses  Wright",22,15,5,10,50,1,3,33.3,2,3,66.7,1,6,7,1,2,1,0,1,2,4,17,"A","L",71,40,20,21,20,4,19,15,3,16,19,3,7,0,22,58,71,40,20,21,20,4,19,15,3,16,19,3,7,0,22,58,0.94,13.7,109.5,0.17,7.3,1,50,0.23,11.3,52.4,7.3,7.3,16.7,"2024-2025"
"FEN","OLY","1_7","Regular Season","Aleksandr  Vezenkov",30,11,3,4,75,1,2,50,2,2,100,1,3,4,0,0,0,0,0,2,1,12,"A","L",71,40,20,21,20,4,19,15,3,16,19,3,7,0,22,58,71,40,20,21,20,4,19,15,3,16,19,3,7,0,22,58,1.38,5.6,196.4,0.13,0,NA,75,0.33,9.2,79.9,0,2.4,16.7,"2024-2025"
"FEN","OLY","1_7","Regular Season","Tyler  Dorsey",16,6,1,2,50,0,3,0,4,4,100,0,0,0,1,0,1,0,0,2,3,3,"A","L",71,40,20,21,20,4,19,15,3,16,19,3,7,0,22,58,71,40,20,21,20,4,19,15,3,16,19,3,7,0,22,58,0.67,7.4,81.1,0,13.5,1,20,0.8,1.8,44.4,13.51,5.1,0,"2024-2025"
"FEN","OLY","1_7","Regular Season","Evan  Fournier",22,5,0,1,0,1,2,50,2,2,100,0,0,0,1,0,2,0,0,4,2,0,"A","L",71,40,20,21,20,4,19,15,3,16,19,3,7,0,22,58,71,40,20,21,20,4,19,15,3,16,19,3,7,0,22,58,1,5.6,89.3,-0.03,17.9,0.5,50,0.67,0.4,64.4,35.71,2.8,0,"2024-2025"
"FEN","OLY","1_7","Regular Season","Thomas  Walkup",22,2,1,3,33.3,0,2,0,0,0,NA,0,2,2,5,1,1,0,0,1,2,6,"A","L",71,40,20,21,20,4,19,15,3,16,19,3,7,0,22,58,71,40,20,21,20,4,19,15,3,16,19,3,7,0,22,58,0.4,5.8,34.5,0.05,86.2,5,20,0,2.6,20,17.24,2.9,0,"2024-2025"
"FEN","OLY","1_7","Regular Season","Luca  Vildoza",4,2,1,1,100,0,0,NA,0,0,NA,0,0,0,2,0,0,0,0,3,0,1,"A","L",71,40,20,21,20,4,19,15,3,16,19,3,7,0,22,58,71,40,20,21,20,4,19,15,3,16,19,3,7,0,22,58,2,1,200,0.01,200,Inf,100,0,1.9,100,0,2.6,0,"2024-2025"
"FEN","OLY","1_7","Regular Season","Kostas  Papanikolaou",14,0,0,0,NA,0,1,0,0,0,NA,0,0,0,1,0,0,0,0,1,1,0,"A","L",71,40,20,21,20,4,19,15,3,16,19,3,7,0,22,58,71,40,20,21,20,4,19,15,3,16,19,3,7,0,22,58,0,1,0,-0.01,100,Inf,0,0,-0.4,0,0,0.7,0,"2024-2025"
"FEN","OLY","1_7","Regular Season","Alec  Peters",9,2,1,3,33.3,0,0,NA,0,0,NA,0,1,1,0,0,0,0,1,1,0,-1,"A","L",71,40,20,21,20,4,19,15,3,16,19,3,7,0,22,58,71,40,20,21,20,4,19,15,3,16,19,3,7,0,22,58,0.67,2.9,69,0,0,NA,33.3,0,0.2,33.3,0,3.5,0,"2024-2025"
"FEN","OLY","1_7","Regular Season","Filip  Petrusev",18,9,4,7,57.1,0,2,0,1,2,50,0,2,2,0,0,0,0,1,4,2,2,"A","L",71,40,20,21,20,4,19,15,3,16,19,3,7,0,22,58,71,40,20,21,20,4,19,15,3,16,19,3,7,0,22,58,0.82,9.5,94.7,0.01,0,NA,44.4,0.22,2.9,45.5,0,5.8,0,"2024-2025"
"FEN","OLY","1_7","Regular Season","Shaquielle  McKissic",20,13,2,3,66.7,1,4,25,6,6,100,0,2,2,2,0,0,0,0,1,3,15,"A","L",71,40,20,21,20,4,19,15,3,16,19,3,7,0,22,58,71,40,20,21,20,4,19,15,3,16,19,3,7,0,22,58,1,9.3,139.8,0.15,21.5,Inf,50,0.86,10.9,67.4,0,5.1,0,"2024-2025"
"OLY","FEN","1_7","Regular Season","Wade  Baldwin IV",31,19,5,7,71.4,1,5,20,6,7,85.7,2,3,5,7,2,2,1,0,2,3,26,"H","W",82,37,24,22,22,7,17,18,12,27,39,4,11,3,20,99,82,37,24,22,22,7,17,18,12,27,39,4,11,3,20,99,1,14.5,131,0.15,48.3,3.5,54.2,0.58,19.7,63,13.79,5.4,8.3,"2024-2025"
"OLY","FEN","1_7","Regular Season","Nigel  Hayes-Davis",27,15,4,5,80,1,4,25,4,5,80,0,2,2,1,1,2,0,0,1,4,15,"H","W",82,37,24,22,22,7,17,18,12,27,39,4,11,3,20,99,82,37,24,22,22,7,17,18,12,27,39,4,11,3,20,99,1.07,12.7,118.1,0.08,7.9,0.5,61.1,0.56,10.2,67,15.75,4.8,0,"2024-2025"
"OLY","FEN","1_7","Regular Season","Marko  Guduric",21,4,1,3,33.3,0,2,0,2,2,100,1,0,1,2,0,3,0,0,2,5,3,"H","W",82,37,24,22,22,7,17,18,12,27,39,4,11,3,20,99,82,37,24,22,22,7,17,18,12,27,39,4,11,3,20,99,0.57,7.6,52.6,-0.02,26.3,0.7,20,0.4,-0.8,34,39.47,4.1,4.2,"2024-2025"
"OLY","FEN","1_7","Regular Season","Bonzie  Colson",28,10,2,5,40,2,4,50,0,2,0,2,7,9,0,0,0,0,0,2,2,12,"H","W",82,37,24,22,22,7,17,18,12,27,39,4,11,3,20,99,82,37,24,22,22,7,17,18,12,27,39,4,11,3,20,99,0.91,7.6,131.6,0.06,0,NA,55.6,0.22,7.2,50.6,0,3.5,8.3,"2024-2025"
"OLY","FEN","1_7","Regular Season","Boban  Marjanovic",15,8,4,7,57.1,0,0,NA,0,0,NA,1,3,4,1,0,0,0,0,1,0,9,"H","W",82,37,24,22,22,7,17,18,12,27,39,4,11,3,20,99,82,37,24,22,22,7,17,18,12,27,39,4,11,3,20,99,1.14,5.8,137.9,0.06,17.2,Inf,57.1,0,6.6,57.1,0,4.6,4.2,"2024-2025"
"OLY","FEN","1_7","Regular Season","Devon  Hall",23,5,0,1,0,1,1,100,2,2,100,1,2,3,4,0,1,0,0,1,2,11,"H","W",82,37,24,22,22,7,17,18,12,27,39,4,11,3,20,99,82,37,24,22,22,7,17,18,12,27,39,4,11,3,20,99,1.25,2.8,178.6,0.06,142.9,4,75,1,6.7,86.8,35.71,1.7,4.2,"2024-2025"
"OLY","FEN","1_7","Regular Season","Scottie  Wilbekin",2,0,0,0,NA,0,0,NA,0,0,NA,0,0,0,0,0,1,0,0,0,1,0,"H","W",82,37,24,22,22,7,17,18,12,27,39,4,11,3,20,99,82,37,24,22,22,7,17,18,12,27,39,4,11,3,20,99,NA,1,0,-0.01,0,0,NA,NA,-1,NA,100,4.9,0,"2024-2025"
"OLY","FEN","1_7","Regular Season","Nicolo  Melli",20,5,1,1,100,1,2,50,0,0,NA,3,4,7,1,0,0,0,0,4,0,8,"H","W",82,37,24,22,22,7,17,18,12,27,39,4,11,3,20,99,82,37,24,22,22,7,17,18,12,27,39,4,11,3,20,99,1.67,0,Inf,0.05,Inf,Inf,83.3,0,6.1,83.3,NA,1.5,12.5,"2024-2025"
"OLY","FEN","1_7","Regular Season","Sertac  Sanli",10,7,2,3,66.7,1,3,33.3,0,0,NA,1,1,2,2,0,1,0,0,4,0,3,"H","W",82,37,24,22,22,7,17,18,12,27,39,4,11,3,20,99,82,37,24,22,22,7,17,18,12,27,39,4,11,3,20,99,1.17,5.8,120.7,0.02,34.5,2,58.3,0,3.8,58.3,17.24,6.9,4.2,"2024-2025"
"OLY","FEN","1_7","Regular Season","Dyshawn  Pierre",12,2,1,2,50,0,2,0,0,0,NA,1,2,3,0,0,0,1,0,0,3,6,"H","W",82,37,24,22,22,7,17,18,12,27,39,4,11,3,20,99,82,37,24,22,22,7,17,18,12,27,39,4,11,3,20,99,0.5,2.9,69,0.01,0,NA,25,0,1.6,25,0,3.3,4.2,"2024-2025"
"OLY","FEN","1_7","Regular Season","Arturs  Zagars",2,3,0,0,NA,0,1,0,3,4,75,0,0,0,0,0,0,0,0,3,1,-1,"H","W",82,37,24,22,22,7,17,18,12,27,39,4,11,3,20,99,82,37,24,22,22,7,17,18,12,27,39,4,11,3,20,99,0.6,2.6,115.4,-0.01,0,NA,0,4,0.7,54.3,0,13.5,0,"2024-2025"
"OLY","FEN","1_7","Regular Season","Khem  Birch",8,4,2,3,66.7,0,0,NA,0,0,NA,0,3,3,0,1,1,1,0,0,0,7,"H","W",82,37,24,22,22,7,17,18,12,27,39,4,11,3,20,99,82,37,24,22,22,7,17,18,12,27,39,4,11,3,20,99,1.33,3.8,105.3,0.05,0,0,66.7,0,4.3,66.7,26.32,4.9,0,"2024-2025"
"BOL","EFE","1_8","Regular Season","Elijah  Bryant",23,12,6,8,75,0,3,0,0,0,NA,0,3,3,3,1,0,1,1,3,0,11,"A","W",76,43,21,16,22,7,11,13,10,24,34,7,13,6,23,78,76,43,21,16,22,7,11,13,10,24,34,7,13,6,23,78,1.09,10.6,113.2,0.11,28.3,Inf,54.5,0,10.2,54.5,0,4.6,0,"2024-2025"
"BOL","EFE","1_8","Regular Season","Darius  Thompson",24,6,1,3,33.3,1,2,50,1,2,50,0,2,2,2,0,1,0,0,3,3,5,"A","W",76,43,21,16,22,7,11,13,10,24,34,7,13,6,23,78,76,43,21,16,22,7,11,13,10,24,34,7,13,6,23,78,0.86,6.6,90.9,0.02,30.3,2,50,0.4,2.7,51,15.15,2.7,0,"2024-2025"
"BOL","EFE","1_8","Regular Season","Stanley  Johnson",6,0,0,0,NA,0,0,NA,0,0,NA,0,1,1,1,1,0,0,0,1,0,2,"A","W",76,43,21,16,22,7,11,13,10,24,34,7,13,6,23,78,76,43,21,16,22,7,11,13,10,24,34,7,13,6,23,78,NA,0,NA,0.02,Inf,Inf,NA,NA,1.6,NA,NA,0,0,"2024-2025"
"BOL","EFE","1_8","Regular Season","Ercan  Osmani",16,5,1,5,20,1,2,50,0,0,NA,1,0,1,0,0,0,0,1,1,0,-1,"A","W",76,43,21,16,22,7,11,13,10,24,34,7,13,6,23,78,76,43,21,16,22,7,11,13,10,24,34,7,13,6,23,78,0.71,5.8,86.2,0,0,NA,35.7,0,1.2,35.7,0,4.2,5,"2024-2025"
"BOL","EFE","1_8","Regular Season","Daniel  Oturu",26,14,5,8,62.5,0,0,NA,4,6,66.7,3,6,9,1,1,3,1,0,2,7,23,"A","W",76,43,21,16,22,7,11,13,10,24,34,7,13,6,23,78,76,43,21,16,22,7,11,13,10,24,34,7,13,6,23,78,1,10.2,137.3,0.13,9.8,0.3,62.5,0.75,12.1,65.8,29.41,5,15,"2024-2025"
"BOL","EFE","1_8","Regular Season","Shane  Larkin",23,11,1,4,25,3,6,50,0,0,NA,2,4,6,3,0,1,0,1,1,5,16,"A","W",76,43,21,16,22,7,11,13,10,24,34,7,13,6,23,78,76,43,21,16,22,7,11,13,10,24,34,7,13,6,23,78,1.1,8.6,127.9,0.11,34.9,3,55,0,8.9,55,11.63,4.6,10,"2024-2025"
"BOL","EFE","1_8","Regular Season","Rodrigue  Beaubois",18,7,2,3,66.7,1,2,50,0,0,NA,0,0,0,2,0,1,0,0,1,0,5,"A","W",76,43,21,16,22,7,11,13,10,24,34,7,13,6,23,78,76,43,21,16,22,7,11,13,10,24,34,7,13,6,23,78,1.4,5.8,120.7,0.05,34.5,2,70,0,4.7,70,17.24,3.2,0,"2024-2025"
"BOL","EFE","1_8","Regular Season","Jordan  Nwora",12,5,1,4,25,1,3,33.3,0,0,NA,1,3,4,0,0,3,0,0,1,1,1,"A","W",76,43,21,16,22,7,11,13,10,24,34,7,13,6,23,78,76,43,21,16,22,7,11,13,10,24,34,7,13,6,23,78,0.71,8.6,58.1,0,0,0,35.7,0,-0.9,35.7,34.88,7.9,5,"2024-2025"
"BOL","EFE","1_8","Regular Season","Rolands  Smits",21,6,3,4,75,0,2,0,0,0,NA,1,2,3,0,2,1,0,0,3,1,5,"A","W",76,43,21,16,22,7,11,13,10,24,34,7,13,6,23,78,76,43,21,16,22,7,11,13,10,24,34,7,13,6,23,78,1,5.8,103.4,0.03,0,0,50,0,4.1,50,17.24,3.2,5,"2024-2025"
"BOL","EFE","1_8","Regular Season","Vincent  Poirier",14,4,1,3,33.3,0,0,NA,2,4,50,1,2,3,1,1,2,2,1,4,3,3,"A","W",76,43,21,16,22,7,11,13,10,24,34,7,13,6,23,78,76,43,21,16,22,7,11,13,10,24,34,7,13,6,23,78,0.57,5.5,72.7,0,18.2,0.5,33.3,1.33,2.3,42,36.36,4.6,5,"2024-2025"
"BOL","EFE","1_8","Regular Season","Justus  Hollatz",4,0,0,0,NA,0,0,NA,0,0,NA,0,0,0,0,0,0,0,0,2,0,-2,"A","W",76,43,21,16,22,7,11,13,10,24,34,7,13,6,23,78,76,43,21,16,22,7,11,13,10,24,34,7,13,6,23,78,NA,0,NA,-0.02,NA,NA,NA,NA,-0.8,NA,NA,0,0,"2024-2025"
"BOL","EFE","1_8","Regular Season","Derek  Willis",12,6,1,1,100,0,1,0,4,4,100,1,1,2,0,1,1,2,0,1,2,10,"A","W",76,43,21,16,22,7,11,13,10,24,34,7,13,6,23,78,76,43,21,16,22,7,11,13,10,24,34,7,13,6,23,78,1,3.6,166.7,0.06,0,0,50,2,7,79.8,27.78,3.8,5,"2024-2025"
"EFE","BOL","1_8","Regular Season","Isaia  Cordinier",31,16,4,6,66.7,1,4,25,5,5,100,2,3,5,2,0,4,0,0,4,5,15,"H","L",67,33,20,23,16,5,20,14,7,22,29,4,17,4,22,61,67,33,20,23,16,5,20,14,7,22,29,4,17,4,22,61,1.07,13.6,117.6,0.12,14.7,0.5,55,0.5,9.1,65.6,29.41,5.2,14.3,"2024-2025"
"EFE","BOL","1_8","Regular Season","Will  Clyburn",18,0,0,1,0,0,2,0,0,0,NA,0,5,5,3,0,2,0,0,0,2,5,"H","L",67,33,20,23,16,5,20,14,7,22,29,4,17,4,22,61,67,33,20,23,16,5,20,14,7,22,29,4,17,4,22,61,0,4.8,0,0.04,62.5,1.5,0,0,-0.5,0,41.67,2.8,0,"2024-2025"
"EFE","BOL","1_8","Regular Season","Tornike  Shengelia",29,12,3,7,42.9,0,2,0,6,7,85.7,1,4,5,3,0,5,1,1,3,4,9,"H","L",67,33,20,23,16,5,20,14,7,22,29,4,17,4,22,61,67,33,20,23,16,5,20,14,7,22,29,4,17,4,22,61,0.75,15.4,77.9,0.06,19.5,0.6,33.3,0.78,5,49.7,32.47,5.9,7.1,"2024-2025"
"EFE","BOL","1_8","Regular Season","Daniel  Hackett",19,5,0,1,0,1,1,100,2,2,100,0,0,0,0,0,1,0,0,2,2,3,"H","L",67,33,20,23,16,5,20,14,7,22,29,4,17,4,22,61,67,33,20,23,16,5,20,14,7,22,29,4,17,4,22,61,1.25,3.7,135.1,0.01,0,0,75,1,2.2,86.8,27.03,2,0,"2024-2025"
"EFE","BOL","1_8","Regular Season","Ante  Zizic",21,7,3,4,75,0,0,NA,1,2,50,1,4,5,0,0,1,1,0,2,3,11,"H","L",67,33,20,23,16,5,20,14,7,22,29,4,17,4,22,61,67,33,20,23,16,5,20,14,7,22,29,4,17,4,22,61,1.17,4.7,148.9,0.09,0,0,75,0.5,5.8,71.7,21.28,2.8,7.1,"2024-2025"
"EFE","BOL","1_8","Regular Season","Marco  Belinelli",16,7,2,5,40,1,2,50,0,0,NA,1,0,1,1,0,2,0,1,2,1,1,"H","L",67,33,20,23,16,5,20,14,7,22,29,4,17,4,22,61,67,33,20,23,16,5,20,14,7,22,29,4,17,4,22,61,1,7.7,90.9,0.01,13,0.5,50,0,1.9,50,25.97,5.6,7.1,"2024-2025"
"EFE","BOL","1_8","Regular Season","Alessandro  Pajola",15,2,0,1,0,0,1,0,2,2,100,1,0,1,1,1,1,0,1,2,1,0,"H","L",67,33,20,23,16,5,20,14,7,22,29,4,17,4,22,61,67,33,20,23,16,5,20,14,7,22,29,4,17,4,22,61,0.5,2.8,71.4,-0.01,35.7,1,0,1,1.2,34.7,35.71,2.6,7.1,"2024-2025"
"EFE","BOL","1_8","Regular Season","Matthew  Morgan",14,7,0,1,0,2,4,50,1,2,50,0,4,4,2,0,1,0,1,3,2,6,"H","L",67,33,20,23,16,5,20,14,7,22,29,4,17,4,22,61,67,33,20,23,16,5,20,14,7,22,29,4,17,4,22,61,1,6.6,106.1,0.06,30.3,2,60,0.4,4.3,59.5,15.15,4.9,0,"2024-2025"
"EFE","BOL","1_8","Regular Season","Achille  Polonara",17,2,1,1,100,0,3,0,0,0,NA,1,1,2,1,0,0,2,0,2,1,3,"H","L",67,33,20,23,16,5,20,14,7,22,29,4,17,4,22,61,67,33,20,23,16,5,20,14,7,22,29,4,17,4,22,61,0.5,2.9,69,0.01,34.5,Inf,25,0,1.9,25,0,2.3,7.1,"2024-2025"
"EFE","BOL","1_8","Regular Season","Mouhamet  Diouf",12,7,2,4,50,0,0,NA,3,3,100,0,1,1,0,3,0,0,1,1,2,9,"H","L",67,33,20,23,16,5,20,14,7,22,29,4,17,4,22,61,67,33,20,23,16,5,20,14,7,22,29,4,17,4,22,61,1,5.1,137.3,0.1,0,NA,50,0.75,7.9,65.8,0,4.4,0,"2024-2025"
"EFE","BOL","1_8","Regular Season","Nicola  Akele",1,0,0,0,NA,0,0,NA,0,0,NA,0,0,0,0,0,0,0,0,0,0,0,"H","L",67,33,20,23,16,5,20,14,7,22,29,4,17,4,22,61,67,33,20,23,16,5,20,14,7,22,29,4,17,4,22,61,NA,0,NA,0,NA,NA,NA,NA,0,NA,NA,0,0,"2024-2025"
"EFE","BOL","1_8","Regular Season","Rayjon  Tucker",6,2,1,2,50,0,1,0,0,0,NA,0,0,0,1,0,0,0,1,1,0,-1,"H","L",67,33,20,23,16,5,20,14,7,22,29,4,17,4,22,61,67,33,20,23,16,5,20,14,7,22,29,4,17,4,22,61,0.67,2.9,69,0,34.5,Inf,33.3,0,0.6,33.3,0,5,0,"2024-2025"
"CRV","PRB","1_9","Regular Season","TJ  Shorts II",28,16,6,10,60,0,1,0,4,5,80,0,3,3,4,3,2,0,0,4,7,21,"H","L",77,42,23,21,21,6,17,11,11,13,24,8,4,1,18,74,77,42,23,21,21,6,17,11,11,13,24,8,4,1,18,74,1,14.6,109.6,0.14,27.4,2,54.5,0.45,13.4,60.6,13.7,5.6,0,"2024-2025"
"CRV","PRB","1_9","Regular Season","Tyson  Ward",28,9,2,4,50,1,6,16.7,2,3,66.7,1,2,3,2,1,0,0,1,2,3,7,"H","L",77,42,23,21,21,6,17,11,11,13,24,8,4,1,18,74,77,42,23,21,21,6,17,11,11,13,24,8,4,1,18,74,0.69,9.9,90.9,0.04,20.2,Inf,35,0.3,5.7,39.8,0,4.1,4.5,"2024-2025"
"CRV","PRB","1_9","Regular Season","Kevarrius  Hayes",28,10,3,6,50,0,0,NA,4,4,100,2,3,5,0,1,0,1,0,1,2,15,"H","L",77,42,23,21,21,6,17,11,11,13,24,8,4,1,18,74,77,42,23,21,21,6,17,11,11,13,24,8,4,1,18,74,1,5.5,181.8,0.11,0,NA,50,0.67,10.6,64.4,0,2.8,9.1,"2024-2025"
"CRV","PRB","1_9","Regular Season","Mikael  Jantunen",26,9,2,3,66.7,1,2,50,2,2,100,4,2,6,1,2,0,0,1,3,3,15,"H","L",77,42,23,21,21,6,17,11,11,13,24,8,4,1,18,74,77,42,23,21,21,6,17,11,11,13,24,8,4,1,18,74,1.29,1.8,500,0.11,55.6,Inf,70,0.4,11.6,76.5,0,2.3,18.2,"2024-2025"
"CRV","PRB","1_9","Regular Season","Yakuba  Ouattara",13,0,0,2,0,0,4,0,0,0,NA,0,1,1,0,1,0,0,0,2,0,-6,"H","L",77,42,23,21,21,6,17,11,11,13,24,8,4,1,18,74,77,42,23,21,21,6,17,11,11,13,24,8,4,1,18,74,0,5.8,0,-0.06,0,NA,0,0,-3.7,0,0,4.7,0,"2024-2025"
"CRV","PRB","1_9","Regular Season","Collin  Malcolm",11,6,1,1,100,1,1,100,1,1,100,0,0,0,1,0,1,0,0,0,1,7,"H","L",77,42,23,21,21,6,17,11,11,13,24,8,4,1,18,74,77,42,23,21,21,6,17,11,11,13,24,8,4,1,18,74,2,3.3,181.8,0.06,30.3,1,125,0.5,5.1,123,30.3,3.2,0,"2024-2025"
"CRV","PRB","1_9","Regular Season","Nadir  Hifi",20,12,3,7,42.9,1,6,16.7,3,4,75,1,0,1,2,0,0,0,0,2,2,5,"H","L",77,42,23,21,21,6,17,11,11,13,24,8,4,1,18,74,77,42,23,21,21,6,17,11,11,13,24,8,4,1,18,74,0.71,13.2,90.9,0.02,15.2,Inf,34.6,0.31,5.4,40.7,0,7.5,4.5,"2024-2025"
"CRV","PRB","1_9","Regular Season","Leo  Cavaliere",14,0,0,0,NA,0,0,NA,0,0,NA,0,1,1,0,0,0,0,0,1,0,0,"H","L",77,42,23,21,21,6,17,11,11,13,24,8,4,1,18,74,77,42,23,21,21,6,17,11,11,13,24,8,4,1,18,74,NA,0,NA,0,NA,NA,NA,NA,-0.1,NA,NA,0,0,"2024-2025"
"CRV","PRB","1_9","Regular Season","Leon  Kratzer",11,3,1,4,25,0,0,NA,1,2,50,2,1,3,0,0,1,0,0,3,2,0,"H","L",77,42,23,21,21,6,17,11,11,13,24,8,4,1,18,74,77,42,23,21,21,6,17,11,11,13,24,8,4,1,18,74,0.5,3.7,81.1,-0.03,0,0,25,0.5,-0.3,30.7,27.03,5.5,9.1,"2024-2025"
"CRV","PRB","1_9","Regular Season","Maodo  Lo",18,12,3,5,60,2,3,66.7,0,0,NA,1,0,1,1,0,0,0,1,0,0,10,"H","L",77,42,23,21,21,6,17,11,11,13,24,8,4,1,18,74,77,42,23,21,21,6,17,11,11,13,24,8,4,1,18,74,1.5,6.7,179.1,0.1,14.9,Inf,75,0,9.8,75,0,4.5,4.5,"2024-2025"
"PRB","CRV","1_9","Regular Season","Isaiah  Canaan",29,14,3,6,50,2,4,50,2,2,100,1,0,1,1,1,0,0,0,1,2,13,"A","W",80,37,22,16,19,10,12,19,14,23,37,2,12,3,20,92,80,37,22,16,19,10,12,19,14,23,37,2,12,3,20,92,1.17,9.5,147.4,0.08,10.5,Inf,60,0.2,11,64.3,0,3.8,3.6,"2024-2025"
"PRB","CRV","1_9","Regular Season","Nikola  Kalinic",28,9,1,3,33.3,2,2,100,1,2,50,5,0,5,3,0,0,1,0,1,3,17,"A","W",80,37,22,16,19,10,12,19,14,23,37,2,12,3,20,92,80,37,22,16,19,10,12,19,14,23,37,2,12,3,20,92,1.29,0.8,1125,0.08,375,Inf,80,0.4,12.2,76.5,0,2.2,17.9,"2024-2025"
"PRB","CRV","1_9","Regular Season","Joel  Bolomboy",16,6,3,5,60,0,0,NA,0,0,NA,4,7,11,1,0,3,0,1,4,0,8,"A","W",80,37,22,16,19,10,12,19,14,23,37,2,12,3,20,92,80,37,22,16,19,10,12,19,14,23,37,2,12,3,20,92,1.2,3.8,157.9,0.05,26.3,0.3,60,0,4.7,60,78.95,5.1,14.3,"2024-2025"
"PRB","CRV","1_9","Regular Season","Mike  Daum",9,4,2,3,66.7,0,2,0,0,0,NA,0,5,5,0,0,1,0,0,2,1,4,"A","W",80,37,22,16,19,10,12,19,14,23,37,2,12,3,20,92,80,37,22,16,19,10,12,19,14,23,37,2,12,3,20,92,0.8,5.8,69,0.02,0,0,40,0,1,40,17.24,6.8,0,"2024-2025"
"PRB","CRV","1_9","Regular Season","Yago Mateus dos Santos",14,2,1,3,33.3,0,2,0,0,0,NA,0,1,1,3,0,3,0,0,0,2,1,"A","W",80,37,22,16,19,10,12,19,14,23,37,2,12,3,20,92,80,37,22,16,19,10,12,19,14,23,37,2,12,3,20,92,0.4,7.7,26,-0.01,39,1,20,0,-1.7,20,38.96,5.9,0,"2024-2025"
"PRB","CRV","1_9","Regular Season","Codi  Miller-McIntyre",27,9,4,7,57.1,0,3,0,1,2,50,0,6,6,7,0,2,0,0,0,1,14,"A","W",80,37,22,16,19,10,12,19,14,23,37,2,12,3,20,92,80,37,22,16,19,10,12,19,14,23,37,2,12,3,20,92,0.75,12.4,72.6,0.1,56.5,3.5,40,0.2,7.9,41.4,16.13,4.9,0,"2024-2025"
"PRB","CRV","1_9","Regular Season","Dejan  Davidovac",2,0,0,1,0,0,0,NA,0,0,NA,0,0,0,0,0,0,0,0,0,0,-1,"A","W",80,37,22,16,19,10,12,19,14,23,37,2,12,3,20,92,80,37,22,16,19,10,12,19,14,23,37,2,12,3,20,92,0,1,0,-0.01,0,NA,0,0,-0.7,0,0,5.1,0,"2024-2025"
"PRB","CRV","1_9","Regular Season","Luka  Mitrovic",21,7,2,5,40,0,0,NA,3,4,75,1,3,4,1,1,2,2,0,4,5,10,"A","W",80,37,22,16,19,10,12,19,14,23,37,2,12,3,20,92,80,37,22,16,19,10,12,19,14,23,37,2,12,3,20,92,0.78,7.4,94.6,0.03,13.5,0.5,40,0.8,5,51.8,27.03,4.3,3.6,"2024-2025"
"PRB","CRV","1_9","Regular Season","Ognjen  Dobric",4,2,1,1,100,0,0,NA,0,0,NA,0,0,0,0,0,0,0,0,0,0,2,"A","W",80,37,22,16,19,10,12,19,14,23,37,2,12,3,20,92,80,37,22,16,19,10,12,19,14,23,37,2,12,3,20,92,2,1,200,0.02,0,NA,100,0,1.7,100,0,2.6,0,"2024-2025"
"PRB","CRV","1_9","Regular Season","Rokas  Giedraitis",23,5,0,1,0,1,3,33.3,2,2,100,3,1,4,0,0,0,0,0,3,1,4,"A","W",80,37,22,16,19,10,12,19,14,23,37,2,12,3,20,92,80,37,22,16,19,10,12,19,14,23,37,2,12,3,20,92,0.83,1.8,277.8,0.01,0,NA,37.5,0.5,3.8,51.2,0,2.2,10.7,"2024-2025"
"PRB","CRV","1_9","Regular Season","Uros   Plavsic",2,1,0,0,NA,0,0,NA,1,2,50,0,0,0,0,0,0,0,0,2,1,-1,"A","W",80,37,22,16,19,10,12,19,14,23,37,2,12,3,20,92,80,37,22,16,19,10,12,19,14,23,37,2,12,3,20,92,0.5,0.8,125,-0.02,0,NA,NA,Inf,-0.2,56.8,0,4.5,0,"2024-2025"
"PRB","CRV","1_9","Regular Season","Nemanja  Nedovic",23,21,2,2,100,5,6,83.3,2,2,100,0,0,0,3,0,1,0,0,3,2,21,"A","W",80,37,22,16,19,10,12,19,14,23,37,2,12,3,20,92,80,37,22,16,19,10,12,19,14,23,37,2,12,3,20,92,2.1,9.5,221.1,0.14,31.6,3,118.8,0.25,18.1,118.2,10.53,4.4,0,"2024-2025"
